[
    {
        "category": "Красители пищевые",
        "name": "Оранжевый",
        "image": "products_images/krasitel_2.jpg",
        "short_desc": "Краситель пищевой гелевый",
        "description": "Краситель пищевой гелевый Оранжевый подходит для окрашивания:\n\n- сахарной мастики, марципана;\n\n- желе, мармелада, зефира, безе;\n\n- бисквита, а также некоторых других видов теста;\n\n- белковых и других видов нежирных глазурей и кремов;\n\n- айсинга, сахарной помадки;\n\n- кондитерских нежирных сливок (Шантипак, Пармалат и др.).",
        "price": "40",
        "quantity": "17"
    },
    {
        "category": "Красители пищевые",
        "name": "Жёлтый",
        "image": "products_images/krasitel_1.jpg",
        "short_desc": "Краситель пищевой гелевый",
        "description": "Краситель пищевой гелевый жёлтый подходит для окрашивания:\n\n- сахарной мастики, марципана;\n\n- желе, мармелада, зефира, безе;\n\n- бисквита, а также некоторых других видов теста;\n\n- белковых и других видов нежирных глазурей и кремов;\n\n- айсинга, сахарной помадки;\n\n- кондитерских нежирных сливок (Шантипак, Пармалат и др.).\n\n",
        "price": "40",
        "quantity": "21"
    },
    {
        "category": "Пищевые ингредиенты",
        "name": "Миндальная мука",
        "image": "products_images/mindalnay_muka.png",
        "short_desc": "Миндальная мука",
        "description": "Миндальная пудра используется в кондитерской промышленности для приготовления макарон (французского миндального печенья) марципанов, тортов, печенья, безе, а также особых сортов шоколада.",
        "price": "815",
        "quantity": "7"
    },
    {
        "category": "Пищевые ингредиенты",
        "name": "Кокосовая мука",
        "image": "products_images/kokos_muka.png",
        "short_desc": "Кокосовая мука",
        "description": "Кокосовая мука используется в кондитерском производстве для приготовления печенья, кексов, бисквитов, блинчиков, панкейков, конфет и других сладостей.\n\n\nХА",
        "price": "189",
        "quantity": "27"
    },
    {
        "category": "Украшения для тортов и пирожных",
        "name": "Рисовые шарики",
        "image": "products_images/rice_shariki2.jpg",
        "short_desc": "Размер шариков 2-4 мм.\n\nЦвет: натуральный кремовый.",
        "description": "Рисовые шарики (воздушный рис) используются как наполнитель для конфет и пирожных, а также могут использоваться как кондитерская посыпка. ",
        "price": "80",
        "quantity": "9"
    },
    {
        "category": "Украшения для тортов и пирожных",
        "name": "Рисовые шарики с какао",
        "image": "products_images/rice_shariki.jpg",
        "short_desc": "Цвет: коричневый.\n\nРазмер шариков 2-4 мм.",
        "description": "Рисовые шарики (воздушный рис) с какао используются как наполнитель для конфет и пирожных, а также могут использоваться как кондитерская посыпка.",
        "price": "80",
        "quantity": "18"
    },
    {
        "category": "Украшения для тортов и пирожных",
        "name": "Посыпка микс \"Шарики цветные\" ",
        "image": "products_images/posipka.jpg",
        "short_desc": "Размер шариков 4 мм.",
        "description": "В наборе 6 разных цветов шариков.\n\nКаждая посыпка в отделении с индивидуальной крышкой.",
        "price": "100",
        "quantity": "12"
    },
    {
        "category": "Пищевые ингредиенты",
        "name": "Сливки животные Чудское озеро",
        "image": "products_images/slivki351l.jpg",
        "short_desc": "Сливки для взбивания животные Чудское озеро 33%.",
        "description": "Подходят для изготовления взбитых кремов и использования их в любых десертах. Упаковка 1 литр. Из упаковки 1 литра получается 2-2,5 литра взбитых сливок.",
        "price": "414",
        "quantity": "25"
    }
]